update,reward_per_step,food_per_100,caught_per_100,loss
0,0.01155322976410389,2.5390625,0.1953125,0.09433702362002805
1,-0.0376264750957489,1.171875,1.171875,0.21727434612694196
2,-0.04642486572265625,0.390625,0.78125,0.1365055300993845
3,-0.031177137047052383,1.171875,1.5625,0.14025536086410284
4,-0.014168057590723038,1.5625,1.7578125,0.08220595092279837
5,-0.007441834546625614,1.171875,1.7578125,0.11387426243163645
6,-0.022633258253335953,0.390625,1.953125,0.048485490726307034
7,-0.018377117812633514,0.1953125,1.5625,0.0479427890968509
8,-0.018484029918909073,0.390625,1.3671875,0.09217375123989768
9,-0.015657391399145126,1.171875,1.5625,0.06386277420097031
10,-0.0271005779504776,0.5859375,1.7578125,0.10581715288572013
11,-0.01904185861349106,0.5859375,1.3671875,0.049235552782192826
12,-0.0048312474973499775,1.171875,1.171875,0.04345629451563582
13,-0.01758076623082161,0.9765625,0.9765625,0.08288834628183395
14,-0.028692666441202164,0.1953125,1.171875,0.06440970266703516
15,-0.027696026489138603,0.1953125,1.7578125,0.060725116200046614
16,-0.017109623178839684,0.5859375,1.5625,0.08960993716027588
17,-0.011550558730959892,1.171875,1.3671875,0.11975973832886666
18,-0.02398156002163887,0.9765625,2.5390625,0.05573416664265096
19,-0.012658067047595978,0.9765625,0.9765625,0.050165371620096266
20,-0.021964123472571373,0.5859375,1.953125,0.04535223919083364
21,-0.012268331833183765,0.9765625,1.953125,0.12826407048851252
22,-0.030480055138468742,0.5859375,1.7578125,0.09461203077808022
23,-0.011817572638392448,0.78125,1.3671875,0.0610491648549214
24,-0.02978641912341118,0.390625,1.7578125,0.05831241578562185
