iter,beta,loss,samples,minutes,return,fruit_per_min,crashes_per_min,tree_crashes,ground_crashes,mean_tilt_deg
0,1.0,0.061915777157992125,2048,0.05491720040639241,-195.61270141601562,0.0,44.5,21.0,325.0,57.68188672364278
1,0.9833333333333333,0.06315671605989337,4096,0.24573681354522706,,,,,,
2,0.9666666666666667,0.059943338856101036,6144,0.30063069661458336,,,,,,
3,0.95,0.06243198784068227,8192,0.3554617842038473,,,,,,
4,0.9333333333333333,0.06269542220979929,10240,0.41034756501515707,,,,,,
5,0.9166666666666666,0.06566158682107925,12288,0.4651599287986755,,,,,,
6,0.9,0.06023351661860943,14336,0.5199590961138407,,,,,,
7,0.8833333333333333,0.05858242744579911,16384,0.5747265815734863,,,,,,
8,0.8666666666666667,0.054880429059267044,18432,0.6266788959503173,,,,,,
9,0.85,0.05053230561316013,20480,0.678258999188741,,,,,,
10,0.8333333333333334,0.04275314137339592,22528,0.7308542648951213,,,,,,
11,0.8166666666666667,0.03814845532178879,24576,0.7825048287709554,,,,,,
12,0.8,0.03295581741258502,26624,0.8342284123102824,,,,,,
13,0.7833333333333333,0.03551994077861309,28672,0.9016538818677267,,,,,,
14,0.7666666666666666,0.03483494697138667,30720,0.9665598829587301,,,,,,
15,0.75,0.03247718675993383,32768,1.0300349791844685,,,,,,
16,0.7333333333333334,0.03277146816253662,34816,1.0941022674242655,,,,,,
17,0.7166666666666667,0.03216599230654538,36864,1.1583008488019308,,,,,,
18,0.7,0.0333105840254575,38912,1.2221137642860413,,,,,,
19,0.6833333333333333,0.03149197227321565,40960,1.289945332209269,,,,,,
20,0.6666666666666667,0.031971735414117575,43008,1.3589335322380065,-86.64909362792969,0.75,26.5,27.0,153.0,33.97268499449423
21,0.65,0.030735323438420892,45056,1.5952977975209555,,,,,,
22,0.6333333333333333,0.031332844169810414,47104,1.660607914129893,,,,,,
23,0.6166666666666667,0.030812273966148496,49152,1.7267487009366354,,,,,,
24,0.6,0.03168637375347316,51200,1.7928038001060487,,,,,,
25,0.5833333333333333,0.030683694873005152,53248,1.8584156155586242,,,,,,
26,0.5666666666666667,0.031883305637165904,55296,1.9243472496668497,,,,,,
27,0.55,0.03237310750409961,57344,1.9901131510734558,,,,,,
28,0.5333333333333333,0.03308829269371927,59392,2.0558021505673727,,,,,,
29,0.5166666666666666,0.033298800233751535,61440,2.1214050968488056,,,,,,
30,0.5,0.035203983541578054,63488,2.1867342829704284,,,,,,
31,0.4833333333333333,0.036991153843700886,65536,2.251774549484253,,,,,,
32,0.4666666666666667,0.03740936750546098,67584,2.3165013154347736,,,,,,
33,0.44999999999999996,0.03721108986064792,69632,2.381621015071869,,,,,,
34,0.43333333333333335,0.03865260165184736,71680,2.4470452348391216,,,,,,
35,0.41666666666666663,0.04016142478212714,73728,2.512763798236847,,,,,,
36,0.4,0.04316595662385225,75776,2.5747124989827475,,,,,,
37,0.3833333333333333,0.044639768078923225,77824,2.636152199904124,,,,,,
38,0.3666666666666667,0.04461428103968501,79872,2.7005833784739175,,,,,,
39,0.35,0.0461166282184422,81920,2.7662137508392335,,,,,,
40,0.33333333333333337,0.04715344496071339,83968,2.8312050779660543,8.025362014770508,1.875,6.25,13.0,20.0,16.038424942554926
41,0.31666666666666665,0.047701312229037285,86016,3.0581817825635276,,,,,,
42,0.30000000000000004,0.0496151396073401,88064,3.1242463111877443,,,,,,
43,0.2833333333333333,0.05096922069787979,90112,3.189209246635437,,,,,,
44,0.2666666666666667,0.05584606761112809,92160,3.253922649224599,,,,,,
45,0.25,0.05531111638993025,94208,3.318130584557851,,,,,,
46,0.23333333333333328,0.0551037909463048,96256,3.3831260840098065,,,,,,
47,0.21666666666666667,0.06139786262065172,98304,3.447974983851115,,,,,,
48,0.19999999999999996,0.058461989276111126,100352,3.513139549891154,,,,,,
49,0.18333333333333335,0.06200714921578765,102400,3.5778337836265566,,,,,,
50,0.16666666666666663,0.06433811271563172,104448,3.643084096908569,,,,,,
51,0.15000000000000002,0.06506679905578494,106496,3.708925747871399,,,,,,
52,0.1333333333333333,0.06696195900440216,108544,3.7746121486028037,,,,,,
53,0.1166666666666667,0.06984074786305428,110592,3.839987365404765,,,,,,
54,0.09999999999999998,0.07251157984137535,112640,3.9049346963564555,,,,,,
55,0.08333333333333337,0.07550637051463127,114688,3.9697598656018576,,,,,,
56,0.06666666666666665,0.07291107345372438,116736,4.034735413392385,,,,,,
57,0.050000000000000044,0.07644383516162634,118784,4.099682513872782,,,,,,
58,0.033333333333333326,0.07830072846263647,120832,4.164583349227906,,,,,,
59,0.01666666666666672,0.07949966937303543,122880,4.229393180211385,,,,,,
60,0.0,0.07959267869591713,124928,4.294078763326009,67.29642486572266,12.75,3.0,9.0,15.0,14.041239462715298
61,0.0,0.07914285734295845,126976,4.5187559167544045,,,,,,
62,0.0,0.08304380625486374,129024,4.583358649412791,,,,,,
63,0.0,0.08500476274639368,131072,4.648098647594452,,,,,,
64,0.0,0.08324456587433815,133120,4.713094766934713,,,,,,
65,0.0,0.08267640136182308,135168,4.777851200103759,,,,,,
66,0.0,0.08327010739594698,137216,4.842454032103221,,,,,,
67,0.0,0.08325501997023821,139264,4.907097212473551,,,,,,
68,0.0,0.08018592186272144,141312,4.971816146373749,,,,,,
69,0.0,0.0799349807202816,143360,5.0370004614194235,,,,,,
70,0.0,0.07655705884099007,145408,5.101700866222382,,,,,,
71,0.0,0.08129742834717035,147456,5.1666996320088705,,,,,,
72,0.0,0.08024854399263859,149504,5.231435251235962,,,,,,
73,0.0,0.07885315269231796,151552,5.2959532300631205,,,,,,
74,0.0,0.08068317733705044,153600,5.3610197822252905,,,,,,
75,0.0,0.07727898936718702,155648,5.425936233997345,,,,,,
76,0.0,0.07530612219125032,157696,5.4907446304957075,,,,,,
77,0.0,0.07642060238867998,159744,5.555238580703735,,,,,,
78,0.0,0.07275661360472441,161792,5.619878931840261,,,,,,
79,0.0,0.07037187181413174,163840,5.685063028335572,,,,,,
80,0.0,0.07301942817866802,165888,5.749889814853669,105.1091079711914,19.75,1.75,11.0,3.0,9.67096062954806
81,0.0,0.07059826888144016,167936,5.974620850880941,,,,,,
82,0.0,0.06686197500675917,169984,6.039379950364431,,,,,,
83,0.0,0.06566363899037242,172032,6.104638600349427,,,,,,
84,0.0,0.06600727327167988,174080,6.167525418599447,,,,,,
85,0.0,0.06343385018408298,176128,6.2284584482510885,,,,,,
86,0.0,0.06328420108184218,178176,6.289581565062205,,,,,,
87,0.0,0.061080748215317726,180224,6.353052031993866,,,,,,
88,0.0,0.06156566413119435,182272,6.417624298731486,,,,,,
89,0.0,0.057832217775285244,184320,6.480665381749471,,,,,,
90,0.0,0.05838024243712425,186368,6.5447966655095415,,,,,,
91,0.0,0.05521783325821161,188416,6.60745464960734,,,,,,
92,0.0,0.05428565200418234,190464,6.670656514167786,,,,,,
93,0.0,0.05289478227496147,192512,6.733260448773702,,,,,,
94,0.0,0.052800572477281094,194560,6.795948664347331,,,,,,
95,0.0,0.051171128172427416,196608,6.859494098027548,,,,,,
96,0.0,0.04902680963277817,198656,6.922648131847382,,,,,,
97,0.0,0.04645982896909118,200704,6.985783549149831,,,,,,
98,0.0,0.04732086416333914,202752,7.051501365502675,,,,,,
99,0.0,0.045807911083102226,204800,7.114780048529307,,,,,,
100,0.0,0.04608704475685954,206848,7.17992533047994,113.05567932128906,21.75,0.75,6.0,0.0,10.270275708044425
101,0.0,0.04205881059169769,208896,7.404633430639903,,,,,,
102,0.0,0.042687670793384314,210944,7.465494966506958,,,,,,
103,0.0,0.03876107931137085,212992,7.525832446416219,,,,,,
104,0.0,0.040373883210122585,215040,7.585971049467722,,,,,,
105,0.0,0.04313809657469392,217088,7.646576265494029,,,,,,
106,0.0,0.04099182225763798,219136,7.708577930927277,,,,,,
107,0.0,0.04160716710612178,221184,7.7695627331733705,,,,,,
108,0.0,0.04063734831288457,223232,7.8304625988006595,,,,,,
109,0.0,0.03822891879826784,225280,7.8913114468256635,,,,,,
110,0.0,0.03870174288749695,227328,7.952711999416351,,,,,,
111,0.0,0.037176053039729595,229376,8.013922262191773,,,,,,
112,0.0,0.03846301510930061,231424,8.077670800685883,,,,,,
113,0.0,0.03853530157357454,233472,8.137997364997863,,,,,,
114,0.0,0.03557739034295082,235520,8.199885749816895,,,,,,
115,0.0,0.03634155448526144,237568,8.25892270008723,,,,,,
116,0.0,0.03903240850195289,239616,8.320558365186056,,,,,,
117,0.0,0.03588315052911639,241664,8.37913864850998,,,,,,
118,0.0,0.0373294111341238,243712,8.440767081578572,,,,,,
119,0.0,0.0359196150675416,245760,8.504206546147664,,,,,,
120,0.0,0.035280234180390835,247808,8.566748062769571,111.02931213378906,21.125,1.125,9.0,0.0,9.776884284643238
121,0.0,0.037715231999754906,249856,8.789991168181102,,,,,,
122,0.0,0.03524023154750466,251904,8.85987021525701,,,,,,
123,0.0,0.034973866771906614,253952,8.929751666386922,,,,,,
124,0.0,0.03401751769706607,256000,8.999763949712117,,,,,,
125,0.0,0.033282802207395434,258048,9.070198067029317,,,,,,
126,0.0,0.03390148188918829,260096,9.140298116207124,,,,,,
127,0.0,0.03507765708491206,262144,9.210148616631825,,,,,,
128,0.0,0.03343911771662533,264192,9.280603432655335,,,,,,
129,0.0,0.03325267741456628,266240,9.346438014507294,,,,,,
130,0.0,0.033334335777908564,268288,9.409037979443868,,,,,,
131,0.0,0.03466020291671157,270336,9.47360634803772,,,,,,
132,0.0,0.03272550902329385,272384,9.543755829334259,,,,,,
133,0.0,0.032426787773147225,274432,9.61372177998225,,,,,,
134,0.0,0.03243179921992123,276480,9.682033582528431,,,,,,
135,0.0,0.033342097885906696,278528,9.751241513093312,,,,,,
136,0.0,0.03225663863122463,280576,9.821340517203014,,,,,,
137,0.0,0.03326911013573408,282624,9.890163600444794,,,,,,
138,0.0,0.03196516749449074,284672,9.958746933937073,,,,,,
139,0.0,0.031249045860022306,286720,10.027502433458965,,,,,,
140,0.0,0.03140204609371722,288768,10.097300946712494,109.45136260986328,20.875,1.625,13.0,0.0,9.506833895946938
141,0.0,0.03187587414868176,290816,10.330730565388997,,,,,,
142,0.0,0.03227518871426582,292864,10.393951133886974,,,,,,
143,0.0,0.030764404451474547,294912,10.458212912082672,,,,,,
144,0.0,0.029499052790924907,296960,10.522810717423758,,,,,,
145,0.0,0.03146004769951105,299008,10.586697713534038,,,,,,
146,0.0,0.03157882299274206,301056,10.65054502884547,,,,,,
147,0.0,0.030888704117387533,303104,10.713740499814351,,,,,,
148,0.0,0.030801624758169055,305152,10.779825063546498,,,,,,
149,0.0,0.028750096214935184,307200,10.84974447886149,,,,,,
150,0.0,0.02961035817861557,309248,10.918664785226186,,,,,,
151,0.0,0.028111301362514496,311296,10.987042947610218,,,,,,
152,0.0,0.029392903205007315,313344,11.056317234039307,,,,,,
153,0.0,0.029307083459571004,315392,11.125243949890137,,,,,,
154,0.0,0.029611481353640556,317440,11.193804728984833,,,,,,
155,0.0,0.028063298668712378,319488,11.262507764498393,,,,,,
156,0.0,0.028860866324976087,321536,11.331118897596996,,,,,,
157,0.0,0.027682326966896653,323584,11.399302697181701,,,,,,
158,0.0,0.03047104529105127,325632,11.467719181378682,,,,,,
159,0.0,0.029399439226835966,327680,11.536384932200114,,,,,,
160,0.0,0.0291779066901654,329728,11.604985630512237,111.56452941894531,21.25,1.875,14.0,1.0,9.74754274193434
161,0.0,0.0281086687464267,331776,11.840542515118917,,,,,,
162,0.0,0.028956752736121416,333824,11.908603032430014,,,,,,
163,0.0,0.029357701074332,335872,11.976920648415883,,,,,,
164,0.0,0.028685507364571095,337920,12.045608564217885,,,,,,
165,0.0,0.027615469647571445,339968,12.114337301254272,,,,,,
166,0.0,0.02772162645123899,342016,12.183027331034342,,,,,,
167,0.0,0.027856835862621665,344064,12.251928114891053,,,,,,
168,0.0,0.02725882106460631,346112,12.321314044793446,,,,,,
169,0.0,0.028404403012245893,348160,12.389842549959818,,,,,,
170,0.0,0.026760986540466547,350208,12.458525796731314,,,,,,
171,0.0,0.027508853701874614,352256,12.527655331293742,,,,,,
172,0.0,0.027444601524621248,354304,12.59659248193105,,,,,,
173,0.0,0.027375194244086742,356352,12.665238467852275,,,,,,
174,0.0,0.026773994555696845,358400,12.73405789534251,,,,,,
175,0.0,0.02605464099906385,360448,12.803024399280549,,,,,,
176,0.0,0.02710247738286853,362496,12.871686347325642,,,,,,
177,0.0,0.026323003228753805,364544,12.940347162882487,,,,,,
178,0.0,0.026704480405896902,366592,13.009257233142852,,,,,,
179,0.0,0.027525361394509673,368640,13.078280115127564,,,,,,
180,0.0,0.02691821102052927,370688,13.146959598859151,116.89857482910156,21.75,1.5,12.0,0.0,10.23063143342858
181,0.0,0.026724850526079535,372736,13.385232265790304,,,,,,
182,0.0,0.02638764912262559,374784,13.453981149196625,,,,,,
183,0.0,0.026823137421160936,376832,13.522948928674062,,,,,,
184,0.0,0.026809832779690623,378880,13.59212673107783,,,,,,
185,0.0,0.027320031775161624,380928,13.660563345750173,,,,,,
186,0.0,0.027032578829675913,382976,13.729316782951354,,,,,,
187,0.0,0.026440802728757262,385024,13.798263045152028,,,,,,
188,0.0,0.026649191044270992,387072,13.867571266492208,,,,,,
189,0.0,0.027532293926924467,389120,13.936323916912079,,,,,,
190,0.0,0.0247148962225765,391168,14.005267330010732,,,,,,
191,0.0,0.026099753798916936,393216,14.074274516105652,,,,,,
192,0.0,0.02618557191453874,395264,14.142782950401307,,,,,,
193,0.0,0.025605392176657915,397312,14.211554749806721,,,,,,
194,0.0,0.026192456483840942,399360,14.280717933177948,,,,,,
195,0.0,0.02585558034479618,401408,14.349493598937988,,,,,,
196,0.0,0.025431370828300714,403456,14.418173515796662,,,,,,
197,0.0,0.025678055128082633,405504,14.487049651145934,,,,,,
198,0.0,0.025538571877405047,407552,14.555990199247995,,,,,,
199,0.0,0.025666502537205815,409600,14.624615148703258,116.01102447509766,22.75,0.875,7.0,0.0,9.77883714216406
